Title,Resolved URL,Publisher/Agency,Author,Summary,Published At,Source Feed,Keyword Matched
Neural Networks reaches new milestone,https://example.com/news/ai/7523,The Verge,Alice Johnson,This article discusses the latest developments in Neural Networks within the AI sector.,2026-04-09,Direct Scrape,Neural Networks
Big Tech doubles down on Generative AI,https://example.com/news/ai/9073,Economic Times,Jane Doe,This article discusses the latest developments in Generative AI within the AI sector.,2026-04-09,API Source,Generative AI
How NVIDIA is changing the world,https://example.com/news/ai/2742,TechCrunch,Alice Johnson,This article discusses the latest developments in NVIDIA within the AI sector.,2026-04-09,API Source,NVIDIA
The future of Machine Learning analyzed,https://example.com/news/ai/1097,BBC News,Staff Reporter,This article discusses the latest developments in Machine Learning within the AI sector.,2026-04-09,Direct Scrape,Machine Learning
Big Tech doubles down on Generative AI,https://example.com/news/ai/7376,Reuters,Alice Johnson,This article discusses the latest developments in Generative AI within the AI sector.,2026-04-09,API Source,Generative AI
The future of Neural Networks analyzed,https://example.com/news/ai/6293,TechCrunch,Bob Wilson,This article discusses the latest developments in Neural Networks within the AI sector.,2026-04-09,Google News,Neural Networks
Neural Networks reaches new milestone,https://example.com/news/ai/7748,BBC News,Bob Wilson,This article discusses the latest developments in Neural Networks within the AI sector.,2026-04-09,Google News,Neural Networks
How Large Language Models is changing the world,https://example.com/news/ai/9435,Forbes,Alice Johnson,This article discusses the latest developments in Large Language Models within the AI sector.,2026-04-09,API Source,Large Language Models
Big Tech doubles down on Generative AI,https://example.com/news/ai/1461,TechCrunch,Charlie Brown,This article discusses the latest developments in Generative AI within the AI sector.,2026-04-09,Google News,Generative AI
The future of Neural Networks analyzed,https://example.com/news/ai/9267,Forbes,Jane Doe,This article discusses the latest developments in Neural Networks within the AI sector.,2026-04-09,Google News,Neural Networks
How Machine Learning is changing the world,https://example.com/news/ai/9945,BBC News,Alice Johnson,This article discusses the latest developments in Machine Learning within the AI sector.,2026-04-09,Google News,Machine Learning
Machine Learning reaches new milestone,https://example.com/news/ai/6356,The Verge,Alice Johnson,This article discusses the latest developments in Machine Learning within the AI sector.,2026-04-09,RSS Feed,Machine Learning
Neural Networks reaches new milestone,https://example.com/news/ai/7928,Economic Times,Charlie Brown,This article discusses the latest developments in Neural Networks within the AI sector.,2026-04-09,Google News,Neural Networks
How Neural Networks is changing the world,https://example.com/news/ai/5147,Forbes,Alice Johnson,This article discusses the latest developments in Neural Networks within the AI sector.,2026-04-09,Google News,Neural Networks
How Neural Networks is changing the world,https://example.com/news/ai/7307,Reuters,Charlie Brown,This article discusses the latest developments in Neural Networks within the AI sector.,2026-04-09,API Source,Neural Networks
How NVIDIA is changing the world,https://example.com/news/ai/4569,Bloomberg,Bob Wilson,This article discusses the latest developments in NVIDIA within the AI sector.,2026-04-09,Direct Scrape,NVIDIA
How NVIDIA is changing the world,https://example.com/news/ai/4439,The Verge,Charlie Brown,This article discusses the latest developments in NVIDIA within the AI sector.,2026-04-09,API Source,NVIDIA
Big Tech doubles down on Large Language Models,https://example.com/news/ai/2938,Forbes,Jane Doe,This article discusses the latest developments in Large Language Models within the AI sector.,2026-04-09,API Source,Large Language Models
How Neural Networks is changing the world,https://example.com/news/ai/1077,Reuters,Alice Johnson,This article discusses the latest developments in Neural Networks within the AI sector.,2026-04-09,API Source,Neural Networks
How Generative AI is changing the world,https://example.com/news/ai/6696,Reuters,Charlie Brown,This article discusses the latest developments in Generative AI within the AI sector.,2026-04-09,RSS Feed,Generative AI
Big Tech doubles down on Machine Learning,https://example.com/news/ai/1611,BBC News,Jane Doe,This article discusses the latest developments in Machine Learning within the AI sector.,2026-04-09,Direct Scrape,Machine Learning
Big Tech doubles down on Generative AI,https://example.com/news/ai/6221,BBC News,John Smith,This article discusses the latest developments in Generative AI within the AI sector.,2026-04-09,Direct Scrape,Generative AI
The future of Neural Networks analyzed,https://example.com/news/ai/1184,Bloomberg,Staff Reporter,This article discusses the latest developments in Neural Networks within the AI sector.,2026-04-09,RSS Feed,Neural Networks
How Machine Learning is changing the world,https://example.com/news/ai/6902,Forbes,Staff Reporter,This article discusses the latest developments in Machine Learning within the AI sector.,2026-04-09,Google News,Machine Learning
The future of Generative AI analyzed,https://example.com/news/ai/7553,Forbes,Staff Reporter,This article discusses the latest developments in Generative AI within the AI sector.,2026-04-09,Google News,Generative AI
How Machine Learning is changing the world,https://example.com/news/ai/7887,BBC News,Staff Reporter,This article discusses the latest developments in Machine Learning within the AI sector.,2026-04-09,API Source,Machine Learning
Big Tech doubles down on OpenAI,https://example.com/news/ai/6561,TechCrunch,John Smith,This article discusses the latest developments in OpenAI within the AI sector.,2026-04-09,API Source,OpenAI
Big Tech doubles down on NVIDIA,https://example.com/news/ai/3719,TechCrunch,John Smith,This article discusses the latest developments in NVIDIA within the AI sector.,2026-04-09,Direct Scrape,NVIDIA
Big Tech doubles down on OpenAI,https://example.com/news/ai/4322,The Verge,Bob Wilson,This article discusses the latest developments in OpenAI within the AI sector.,2026-04-09,API Source,OpenAI
How OpenAI is changing the world,https://example.com/news/ai/5249,The Verge,Alice Johnson,This article discusses the latest developments in OpenAI within the AI sector.,2026-04-09,Direct Scrape,OpenAI
Big Tech doubles down on NVIDIA,https://example.com/news/ai/6213,TechCrunch,Bob Wilson,This article discusses the latest developments in NVIDIA within the AI sector.,2026-04-09,Google News,NVIDIA
